{
    "Iron": 0.009643163272099957,
    "Copper": 0.850934792853718,
    "Zinc": 0.24966684777636317,
    "Lead": 0.19589315820918557,
    "Aluminum": 0.22618287648054147,
    "Silver": 78.80940865175945,
    "Gold": 6440.936639606475,
    "Palladium": 2904.9889385438937
  }